1,unrelated
2,unrelated
3,unrelated
12,unrelated
19,discuss
20,unrelated
21,unrelated
28,unrelated
31,discuss
33,unrelated
37,unrelated
38,unrelated
39,unrelated
42,unrelated
46,unrelated
49,discuss
50,unrelated
52,unrelated
57,unrelated
58,unrelated
64,discuss
66,discuss
67,unrelated
69,unrelated
71,discuss
73,unrelated
79,unrelated
85,unrelated
90,unrelated
92,unrelated
94,unrelated
96,unrelated
97,unrelated
98,unrelated
100,unrelated
101,discuss
102,discuss
103,unrelated
106,discuss
111,unrelated
113,unrelated
122,unrelated
123,discuss
127,discuss
128,unrelated
129,discuss
131,discuss
133,unrelated
138,discuss
141,unrelated
143,discuss
145,unrelated
150,unrelated
153,discuss
157,unrelated
160,unrelated
163,unrelated
164,unrelated
165,discuss
166,unrelated
172,unrelated
174,discuss
177,discuss
178,unrelated
180,unrelated
182,unrelated
183,unrelated
184,discuss
191,discuss
192,unrelated
196,unrelated
197,unrelated
201,unrelated
202,unrelated
207,unrelated
211,unrelated
215,discuss
216,discuss
222,unrelated
223,unrelated
231,unrelated
233,discuss
237,discuss
238,unrelated
245,discuss
246,unrelated
248,discuss
249,unrelated
250,discuss
252,unrelated
253,discuss
256,unrelated
257,discuss
259,unrelated
261,discuss
262,unrelated
264,discuss
268,unrelated
270,discuss
274,unrelated
275,discuss
278,discuss
279,unrelated
284,discuss
287,discuss
290,unrelated
291,unrelated
293,discuss
294,discuss
297,discuss
301,discuss
306,discuss
309,discuss
310,discuss
312,unrelated
314,discuss
315,unrelated
316,unrelated
317,discuss
318,unrelated
319,unrelated
325,unrelated
326,unrelated
327,unrelated
328,unrelated
329,unrelated
332,discuss
334,discuss
335,discuss
336,discuss
338,unrelated
340,discuss
341,discuss
351,unrelated
353,unrelated
354,unrelated
356,discuss
358,discuss
360,unrelated
361,unrelated
363,discuss
369,discuss
378,discuss
380,discuss
389,unrelated
392,discuss
393,discuss
400,unrelated
408,unrelated
411,unrelated
412,unrelated
415,discuss
420,unrelated
421,discuss
422,discuss
426,discuss
429,discuss
430,unrelated
434,discuss
435,discuss
436,discuss
437,discuss
439,discuss
441,discuss
448,unrelated
449,unrelated
452,unrelated
453,discuss
457,unrelated
463,discuss
469,discuss
471,unrelated
473,discuss
479,unrelated
485,unrelated
486,unrelated
489,unrelated
491,unrelated
492,unrelated
496,discuss
501,discuss
507,discuss
517,discuss
519,unrelated
525,unrelated
528,unrelated
535,unrelated
540,discuss
543,discuss
548,discuss
549,discuss
556,unrelated
558,discuss
561,discuss
563,discuss
566,discuss
575,unrelated
576,discuss
579,unrelated
580,unrelated
584,discuss
590,discuss
594,unrelated
596,discuss
597,discuss
602,discuss
605,discuss
606,discuss
613,discuss
617,unrelated
619,discuss
627,unrelated
629,discuss
631,discuss
635,discuss
637,discuss
641,unrelated
642,discuss
644,discuss
647,unrelated
656,unrelated
659,discuss
661,discuss
665,discuss
668,unrelated
671,unrelated
673,unrelated
675,unrelated
679,discuss
680,unrelated
681,discuss
685,discuss
697,discuss
700,discuss
705,discuss
710,discuss
711,unrelated
717,unrelated
728,unrelated
733,discuss
735,discuss
736,unrelated
739,discuss
745,discuss
746,unrelated
747,unrelated
749,discuss
750,discuss
751,discuss
753,discuss
758,unrelated
762,unrelated
764,discuss
765,discuss
766,discuss
768,discuss
770,discuss
771,discuss
774,discuss
778,unrelated
783,discuss
784,unrelated
785,unrelated
786,unrelated
791,unrelated
792,unrelated
799,discuss
801,discuss
802,unrelated
806,unrelated
809,discuss
810,unrelated
811,unrelated
813,unrelated
814,unrelated
820,discuss
823,unrelated
835,discuss
836,unrelated
838,discuss
841,discuss
849,discuss
857,discuss
861,discuss
863,unrelated
864,discuss
865,discuss
866,discuss
868,discuss
870,unrelated
875,unrelated
876,discuss
878,discuss
881,unrelated
884,unrelated
889,unrelated
890,discuss
893,discuss
894,unrelated
895,discuss
896,unrelated
897,unrelated
898,unrelated
901,unrelated
904,discuss
905,discuss
910,unrelated
911,unrelated
912,unrelated
914,discuss
916,discuss
918,discuss
923,discuss
925,unrelated
926,unrelated
927,unrelated
929,unrelated
930,unrelated
934,discuss
935,unrelated
937,discuss
940,unrelated
943,discuss
946,unrelated
953,unrelated
954,discuss
960,unrelated
963,discuss
967,unrelated
970,unrelated
973,discuss
976,discuss
980,unrelated
985,discuss
987,unrelated
990,unrelated
994,discuss
995,unrelated
998,discuss
1005,discuss
1023,unrelated
1030,discuss
1031,discuss
1032,discuss
1033,unrelated
1037,unrelated
1038,unrelated
1039,discuss
1043,discuss
1044,unrelated
1050,discuss
1052,unrelated
1054,unrelated
1059,discuss
1061,discuss
1062,discuss
1067,unrelated
1072,unrelated
1078,discuss
1080,discuss
1082,unrelated
1086,discuss
1088,unrelated
1091,unrelated
1092,unrelated
1096,discuss
1100,unrelated
1102,unrelated
1105,discuss
1108,discuss
1110,discuss
1111,unrelated
1112,discuss
1113,unrelated
1114,unrelated
1117,unrelated
1118,discuss
1124,unrelated
1126,unrelated
1128,discuss
1133,discuss
1135,discuss
1138,unrelated
1142,unrelated
1146,unrelated
1147,discuss
1150,discuss
1151,discuss
1158,discuss
1160,unrelated
1163,unrelated
1172,unrelated
1181,discuss
1186,unrelated
1188,unrelated
1189,discuss
1191,unrelated
1193,discuss
1194,unrelated
1199,discuss
1200,unrelated
1203,discuss
1204,discuss
1207,discuss
1209,unrelated
1211,unrelated
1216,discuss
1218,unrelated
1220,unrelated
1228,unrelated
1229,unrelated
1230,discuss
1232,discuss
1235,unrelated
1236,discuss
1238,discuss
1241,unrelated
1243,unrelated
1244,discuss
1246,unrelated
1248,unrelated
1250,unrelated
1257,discuss
1259,discuss
1264,discuss
1265,discuss
1270,unrelated
1272,unrelated
1275,unrelated
1276,discuss
1279,unrelated
1282,unrelated
1284,discuss
1285,unrelated
1286,discuss
1287,unrelated
1290,unrelated
1297,discuss
1300,discuss
1304,unrelated
1309,unrelated
1310,unrelated
1316,unrelated
1322,unrelated
1324,unrelated
1326,unrelated
1328,unrelated
1332,discuss
1345,unrelated
1348,unrelated
1350,unrelated
1353,discuss
1354,unrelated
1366,unrelated
1367,unrelated
1373,unrelated
1378,unrelated
1381,unrelated
1386,unrelated
1387,unrelated
1389,unrelated
1390,discuss
1391,discuss
1394,unrelated
1396,unrelated
1399,unrelated
1402,discuss
1409,discuss
1411,unrelated
1414,unrelated
1418,unrelated
1421,discuss
1428,discuss
1431,unrelated
1432,discuss
1440,discuss
1441,unrelated
1443,discuss
1444,discuss
1445,unrelated
1448,unrelated
1449,discuss
1450,discuss
1451,discuss
1452,unrelated
1454,unrelated
1456,discuss
1460,discuss
1464,unrelated
1469,discuss
1470,discuss
1475,discuss
1479,unrelated
1482,discuss
1484,discuss
1486,discuss
1490,discuss
1493,discuss
1495,unrelated
1497,discuss
1499,discuss
1504,discuss
1505,discuss
1510,unrelated
1511,unrelated
1512,unrelated
1514,discuss
1516,discuss
1520,unrelated
1525,discuss
1526,discuss
1527,discuss
1536,discuss
1537,unrelated
1546,discuss
1548,discuss
1550,unrelated
1552,unrelated
1553,unrelated
1557,unrelated
1558,unrelated
1561,unrelated
1566,discuss
1571,discuss
1576,unrelated
1578,discuss
1581,unrelated
1583,unrelated
1587,discuss
1591,discuss
1593,discuss
1596,unrelated
1600,discuss
1601,discuss
1604,unrelated
1607,unrelated
1609,unrelated
1612,discuss
1616,unrelated
1617,unrelated
1618,discuss
1620,discuss
1621,discuss
1624,discuss
1626,discuss
1629,discuss
1632,discuss
1633,unrelated
1635,discuss
1636,discuss
1639,unrelated
1641,discuss
1643,unrelated
1650,unrelated
1653,unrelated
1655,unrelated
1662,discuss
1663,discuss
1664,discuss
1665,discuss
1668,unrelated
1674,unrelated
1675,discuss
1676,discuss
1677,unrelated
1684,discuss
1685,discuss
1687,discuss
1691,discuss
1694,unrelated
1695,discuss
1696,unrelated
1701,unrelated
1703,discuss
1704,unrelated
1705,unrelated
1706,unrelated
1710,discuss
1712,discuss
1713,discuss
1714,unrelated
1716,unrelated
1717,discuss
1719,discuss
1723,unrelated
1727,unrelated
1729,discuss
1736,unrelated
1741,unrelated
1748,unrelated
1749,discuss
1753,discuss
1754,unrelated
1755,discuss
1759,unrelated
1762,unrelated
1763,unrelated
1765,discuss
1766,discuss
1767,discuss
1768,discuss
1770,unrelated
1773,discuss
1779,unrelated
1782,unrelated
1783,unrelated
1792,discuss
1793,discuss
1798,unrelated
1801,unrelated
1809,discuss
1810,discuss
1811,discuss
1812,unrelated
1816,discuss
1823,discuss
1824,discuss
1830,unrelated
1838,discuss
1842,discuss
1845,unrelated
1850,discuss
1851,unrelated
1856,unrelated
1861,unrelated
1868,discuss
1870,discuss
1872,unrelated
1874,unrelated
1878,unrelated
1879,discuss
1882,discuss
1886,unrelated
1887,discuss
1892,discuss
1894,unrelated
1902,unrelated
1903,discuss
1907,unrelated
1910,discuss
1914,unrelated
1915,discuss
1919,unrelated
1924,discuss
1927,unrelated
1928,discuss
1930,discuss
1932,discuss
1935,unrelated
1937,unrelated
1941,unrelated
1942,discuss
1944,discuss
1945,discuss
1947,unrelated
1953,discuss
1960,discuss
1961,unrelated
1962,discuss
1963,discuss
1964,unrelated
1977,discuss
1980,unrelated
1986,discuss
1990,discuss
1992,unrelated
1993,unrelated
1994,discuss
1995,discuss
1998,discuss
1999,unrelated
2001,discuss
2004,discuss
2006,discuss
2007,discuss
2008,unrelated
2011,discuss
2012,discuss
2019,discuss
2021,discuss
2023,discuss
2026,discuss
2027,discuss
2029,unrelated
2030,unrelated
2038,unrelated
2040,unrelated
2041,discuss
2049,discuss
2050,unrelated
2057,unrelated
2059,discuss
2063,discuss
2065,unrelated
2066,discuss
2071,unrelated
2073,discuss
2074,unrelated
2082,unrelated
2083,unrelated
2085,unrelated
2086,discuss
2089,discuss
2094,discuss
2095,discuss
2099,discuss
2100,unrelated
2101,unrelated
2105,unrelated
2107,discuss
2108,discuss
2110,discuss
2112,unrelated
2117,discuss
2119,discuss
2120,unrelated
2121,unrelated
2126,unrelated
2128,unrelated
2131,discuss
2136,unrelated
2140,unrelated
2146,discuss
2150,discuss
2151,unrelated
2157,discuss
2158,unrelated
2160,unrelated
2169,unrelated
2173,unrelated
2179,discuss
2182,discuss
2183,unrelated
2189,unrelated
2190,unrelated
2193,discuss
2194,unrelated
2195,unrelated
2198,unrelated
2199,unrelated
2204,unrelated
2205,unrelated
2209,discuss
2216,unrelated
2222,unrelated
2226,unrelated
2229,discuss
2231,unrelated
2232,unrelated
2233,unrelated
2239,discuss
2243,unrelated
2244,discuss
2245,discuss
2253,unrelated
2258,discuss
2259,discuss
2262,unrelated
2270,discuss
2279,unrelated
2282,discuss
2285,discuss
2289,unrelated
2291,unrelated
2292,discuss
2294,unrelated
2298,discuss
2300,discuss
2301,discuss
2308,discuss
2310,unrelated
2312,unrelated
2315,discuss
2316,discuss
2319,unrelated
2320,discuss
2323,unrelated
2324,unrelated
2331,unrelated
2333,unrelated
2335,discuss
2339,discuss
2346,discuss
2350,unrelated
2353,discuss
2355,discuss
2357,discuss
2358,unrelated
2359,unrelated
2361,unrelated
2363,unrelated
2366,discuss
2368,discuss
2373,discuss
2378,discuss
2380,discuss
2381,discuss
2382,discuss
2383,discuss
2384,discuss
2390,discuss
2392,discuss
2393,discuss
2394,discuss
2395,discuss
2396,unrelated
2400,unrelated
2402,unrelated
2416,unrelated
2422,discuss
2425,unrelated
2426,discuss
2427,unrelated
2428,discuss
2429,discuss
2430,discuss
2435,discuss
2436,unrelated
2437,unrelated
2439,discuss
2449,unrelated
2457,discuss
2460,discuss
2461,unrelated
2462,discuss
2464,unrelated
2465,unrelated
2466,discuss
2467,unrelated
2482,unrelated
2484,discuss
2486,discuss
2487,discuss
2488,discuss
2491,unrelated
2493,discuss
2494,discuss
2499,discuss
2500,unrelated
2503,discuss
2505,discuss
2507,discuss
2510,unrelated
2512,unrelated
2513,unrelated
2516,discuss
2517,unrelated
2518,discuss
2522,unrelated
2527,unrelated
2533,discuss
2534,discuss
2535,discuss
2536,discuss
2537,discuss
2538,discuss
2539,discuss
2540,discuss
2541,discuss
2542,discuss
2543,discuss
2544,discuss
2545,discuss
2546,discuss
2547,discuss
2548,discuss
2549,discuss
2550,discuss
2551,discuss
2552,discuss
2553,discuss
2554,discuss
2555,discuss
2556,discuss
2557,discuss
2558,discuss
2559,discuss
2560,discuss
2561,discuss
2562,discuss
2563,discuss
2564,discuss
2565,discuss
2566,discuss
2567,discuss
2568,discuss
2569,discuss
2570,discuss
2571,discuss
2572,discuss
2573,discuss
2574,discuss
2575,discuss
2576,discuss
2577,discuss
2578,discuss
2579,discuss
2580,discuss
2581,discuss
2582,discuss
